{"average logprob":-0.6931471824645996,"average advantage":-4.0605664253234863e-07,"average loss":-2.980232238769531e-07,"_timestamp":1.7325606626253803e+09,"_runtime":130.6040809,"average prob":0.5,"average reward":-0.0203857421875,"_wandb":{"runtime":130},"_step":0,"time":1.0072815934816997}