{"_timestamp":1.7325142765194614e+09,"_runtime":236.6159999,"_step":60,"_wandb":{"runtime":236},"average loss":-0.4050025939941406,"average reward":-19,"time":3.895317673683167}