{"average prob":NaN,"_wandb":{"runtime":1814},"_timestamp":1.732696078592222e+09,"grad norm":NaN,"time":29.947483952840177,"average reward":-21,"average advantage":-0.8353761434555054,"average logprob":NaN,"average loss":0,"_runtime":1814.7600528,"actual average reward":-1,"_step":103}