{"_runtime":284.9286475,"average logprob":NaN,"grad norm":NaN,"_timestamp":1.7327755980582705e+09,"average loss":NaN,"average prob":1,"_step":168,"_wandb":{"runtime":284},"time":4.670529520511626,"average reward":-21,"average advantage":-1.55931047629565e-07}