{"_timestamp":1.7324029598154292e+09,"_runtime":21.5127413,"_step":16,"loss":-1.4012449566182155e-06,"average reward":-17.6875,"average advantage":-2.565369707386284e-16,"average probabilities":0.495361328125,"_wandb":{"runtime":21}}