{"average reward":-21,"_timestamp":1.7325092175885785e+09,"_runtime":16.3193736,"_step":5,"_wandb":{"runtime":16},"average loss":0.06375503540039062}