{"average reward":-21,"_timestamp":1.732401545289917e+09,"_runtime":9859.1567779,"_step":5424,"_wandb":{"runtime":9859},"loss":0.004564126877541035}