{"_step":99,"average loss":-0.9210300445556641,"average reward":-21,"time":6.82572431166967,"_timestamp":1.7325098585967488e+09,"_wandb":{"runtime":411},"_runtime":411.07592}