{"loss":-1.6091979696510945,"average reward":-16.375,"_timestamp":1.7323346073719623e+09,"_runtime":1367.1724506,"_wandb":{"runtime":1367},"_step":101}