{"_timestamp":1.7325626387942266e+09,"average advantage":-1.564621925354004e-07,"average reward":-0.018798828125,"time":24.77117639780045,"_step":25,"average logprob":-0.6931471824645996,"_wandb":{"runtime":1541},"_runtime":1541.192899,"average loss":-1.341104507446289e-07,"average prob":0.5}