{"_runtime":20349.4470425,"_step":999,"average loss":5.8055878326968013e-08,"average reward":-0.020000001415610313,"time":339.03456741968773,"_wandb":{"runtime":20349},"_timestamp":1.732547918161935e+09}