{"_runtime":2289.5840783,"_step":10,"_wandb":{"runtime":2289},"average loss":7.583951600054206e-08,"average reward":-0.01875000074505806,"time":37.34257986942927,"_timestamp":1.7325266245500672e+09}