{"_runtime":85.0446267,"_wandb":{"runtime":85},"_step":15,"loss":-2.5489600375294685e-05,"_timestamp":1.7325088690663948e+09}