{"_runtime":2505.4365012,"_step":178,"_wandb":{"runtime":2505},"loss":0.004483392747906656,"average reward":-17.125,"_timestamp":1.7323401149017444e+09}