{"_runtime":18.8829758,"max prob":0.17403890192508698,"loss":-7.25258796592243e-05,"average reward":-20,"average advantage":9.655541788333721e-08,"time":0.14029873212178548,"grad norm":0.020910042253500478,"max logprob":-1.748476505279541,"_timestamp":1.732848747580425e+09,"_step":4,"_wandb":{"runtime":18}}