{"_runtime":1603.7293146,"time":26.648874008655554,"_wandb":{"runtime":1603},"max logprob":-0.2863808274269104,"average advantage":0.00038197392132133245,"loss":-8.193484291041386e-08,"average reward":-19.5,"_timestamp":1.7328262749428015e+09,"grad norm":1602.6160888671875,"max prob":0.6796875,"_step":468}