{"_step":176,"loss":1.9662162879807944e-05,"average advantage":7.90525295021054e-17,"_timestamp":1.732414723235997e+09,"_runtime":276.0047204,"average probabilities":0.5,"time":4.397620069980622,"_wandb":{"runtime":276},"average reward":-14.75}