{"_timestamp":1.7325140346879556e+09,"_runtime":4131.3932965,"_step":1606,"_wandb":{"runtime":4131},"average loss":NaN,"average reward":-21,"time":68.80453965663911}