{"_timestamp":1.7323332361739097e+09,"_runtime":379.2811598,"_step":57,"average reward":-16.5,"_wandb":{"runtime":384},"loss":-0.4802168678818344}