{"average reward over time":-16.5,"_step":23,"loss":1.6718960156987633e-08,"_wandb":{"runtime":36},"_timestamp":1.732403137072363e+09,"average reward":-16.5,"average advantage":2.4716277290297604e-16,"average probabilities":0.49755859375,"_runtime":36.35781}