{"time":206.8889887213707,"average reward":-0.5636942982673645,"average advantage":6.378076733426497e-08,"_runtime":12468.1553647,"average prob":0.49951171875,"_wandb":{"runtime":12468},"_timestamp":1.7325751673620653e+09,"average loss":4.328464342506777e-08,"average logprob":-0.6932347416877747,"_step":135}