{"average advantage":-2.0695419488158256e-16,"average reward":-15.9375,"loss":-0.0017165190068126285,"_runtime":4691.5430703,"average probabilities":-0.86474609375,"average logits":0.42236328125,"_wandb":{"runtime":4691},"_timestamp":1.7324082416049643e+09,"time":78.04304045438772,"_step":3120}