{"_timestamp":1.7325094370182467e+09,"_runtime":81.1351757,"_step":15,"_wandb":{"runtime":81},"average loss":-0.035968780517578125,"average reward":-20,"time":1.2841778516769409}