{"_wandb":{"runtime":2835},"_step":444,"average advantage":-0.00018021644791588187,"_timestamp":1.7328236025948646e+09,"average reward":-20.5,"grad norm":0.01946713961660862,"loss":4.913668050221531e-08,"time":46.71379038890202,"max prob":0.49002930521965027,"max logprob":-0.6531015634536743,"_runtime":2835.1527399}