{"loss":-0.19264876643426349,"average reward":-20.25,"_timestamp":1.7323832228457415e+09,"_runtime":32304.4365643,"_step":24368,"_wandb":{"runtime":32304}}