{"_wandb":{"runtime":155},"_timestamp":1.732335195089855e+09,"_runtime":155.372091,"_step":10,"loss":0,"average reward":-21}