{"_wandb":{"runtime":479},"loss":-1.6001700097436888,"_timestamp":1.732332596728588e+09,"_runtime":467.9438226,"_step":35}