{"average reward":-0.020000001415610313,"time":0.6476794401804606,"_timestamp":1.7325275559552321e+09,"_wandb":{"runtime":45},"_runtime":45.3002837,"_step":7,"average loss":3.7788389306570025e-08}