{"average probabilities":NaN,"_wandb":{"runtime":10627},"time":177.08613974650694,"_runtime":10627.3602441,"_timestamp":1.732426144665689e+09,"_step":6240,"loss":NaN,"average advantage":6.50595049093617e-17,"average reward":-14.375}