{"average log probabilities":-0.693359375,"average reward":-1.875,"_runtime":207.2061935,"loss":2.6122894697062506e-18,"_timestamp":1.732496620830208e+09,"_wandb":{"runtime":207},"_step":15,"average advantage":-2.416367759478282e-17,"average probabilities":0.4267578125,"time":0.2559973994890849}