{"_runtime":317.972582,"average reward":-17.125,"time":4.395843223730723,"_timestamp":1.732415441655511e+09,"average advantage":2.85342388229452e-16,"average probabilities":-0.693359375,"_wandb":{"runtime":317},"_step":80,"loss":6.890853805922112e-05}