{"average loss":-0.03668212890625,"average reward":-19,"_timestamp":1.7325091799541154e+09,"_runtime":45.1287005,"_step":11,"_wandb":{"runtime":45}}