{"average reward":-1,"max logprob":-1.5883266925811768,"_timestamp":1.732831140548625e+09,"time":1.3541539907455442,"average advantage":-1.3213973204528884e-07,"loss":-0.0022547219414263964,"_runtime":84.8136318,"_step":44,"grad norm":0.021926006604704496,"max prob":0.20426712930202484,"_wandb":{"runtime":84}}