{"_runtime":16.6288881,"average reward":-18.375,"average prob":0.5126953125,"_wandb":{"runtime":16},"time":0.2220402002334595,"average logprob":-0.2905544638633728,"average advantage":-0.6318789720535278,"average loss":-0.1901974380016327,"_step":1,"_timestamp":1.7326942078164709e+09,"actual average reward":-0.875,"grad norm":0.0015784661518409848}