{"average reward":-21,"time":10.590139019489298,"_timestamp":1.7325149193974125e+09,"_runtime":640.3654779,"_step":127,"average loss":-2.3627071380615234,"_wandb":{"runtime":640}}