{"time":192.79086765050891,"_wandb":{"runtime":30699},"average loss":-0.5302338600158691,"_timestamp":1.732623165549802e+09,"average prob":0.5,"average advantage":-0.7649658918380737,"average reward":-21,"_runtime":30699.0167835,"_step":316,"average logprob":-0.6931471824645996}