{"average reward":-1,"_runtime":29.9968234,"_wandb":{"runtime":29},"loss":-0.0008376180194318295,"time":0.43719963630040487,"max prob":0.18878699839115143,"average advantage":-2.432801977647614e-07,"_step":16,"max logprob":-1.6671359539031982,"grad norm":0.021073089958069887,"_timestamp":1.7328311922459457e+09}