{"average reward":-17.4375,"_timestamp":1.7323509185626922e+09,"_runtime":189.4325506,"_step":112,"_wandb":{"runtime":189},"loss":2.2835222213902522e-05}