{"_step":80,"average reward":-17.625,"average reward over time":-17.625,"_runtime":129.085955,"_wandb":{"runtime":129},"average probabilities":0.50341796875,"_timestamp":1.7324028597503822e+09,"average advantage":-3.190543837757731e-16,"loss":-3.218447562891903e-07}