{"average loss":0.0005292742280289531,"_wandb":{"runtime":94},"average reward":-0.017608897760510445,"_timestamp":1.7325090929111023e+09,"_runtime":94.5817869,"_step":19}