{"time":1.3285074392954508,"_timestamp":1.7325274901544855e+09,"_runtime":93.5237646,"_step":1,"_wandb":{"runtime":93},"average loss":7.442474014851541e-08,"average reward":-0.019500000402331352}