{"_step":96,"loss":0.001188155481792272,"time":2.804659974575043,"_timestamp":1.7324102015559685e+09,"_runtime":188.7048889,"_wandb":{"runtime":188},"average probabilities":0.0008382797241210938,"average reward":-17.1875,"average advantage":-5.066066228872073e-17}