{"grad normtime":2.5140809933344523,"average reward":-20.34375,"_runtime":190.8563388,"average logprob":-0.6931471824645996,"_timestamp":1.7326461231733809e+09,"average prob":0.5,"_wandb":{"runtime":190},"average advantage":-0.7470564842224121,"average loss":-0.5178200602531433,"_step":5}