{"time":2.3881361444791156,"max prob":0.5112651586532593,"_timestamp":1.7327866793798685e+09,"_step":16,"grad norm":0.009202118963003159,"_runtime":190.2570395,"loss":-5.148163495505287e-08,"_wandb":{"runtime":190},"average reward":-20.75,"max logprob":-0.6841908097267151,"average advantage":0.00023969112953636795}