{"_runtime":59.9403207,"_wandb":{"runtime":59},"average reward":-20.75,"max prob":0.4935114085674286,"max logprob":-0.6547417044639587,"_timestamp":1.7328238767857738e+09,"_step":16,"average advantage":-3.660382208181545e-05,"time":0.9694771567980449,"loss":-3.047694008273538e-08,"grad norm":0.01007101871073246}