{"loss":0,"average reward":-21,"_timestamp":1.732337431975679e+09,"_runtime":1893.8398476,"_step":190,"_wandb":{"runtime":1893}}