{"average reward":-15.5,"_timestamp":1.732337598733952e+09,"_wandb":{"runtime":25},"_runtime":25.2280798,"_step":2,"loss":-0.001722804270206879}