{"average loss":NaN,"_wandb":{"runtime":137},"average logprob":NaN,"time":2.164556658267975,"average reward":-21,"_runtime":137.1923714,"average advantage":-1.55931047629565e-07,"average prob":1,"_step":80,"_timestamp":1.7327751236559386e+09}