{"average reward":-14.8125,"average log probabilities":-0.35302734375,"_step":18640,"average advantage":7.224109150792594e-17,"_runtime":43356.226038,"_timestamp":1.7324719454143734e+09,"_wandb":{"runtime":43356},"average probabilities":0.484375,"time":722.190065789224,"loss":-0.00496633083893932}