{"_runtime":355.4733015,"_step":208,"_wandb":{"runtime":355},"loss":-0.0012053847520770201,"average reward":-15,"_timestamp":1.7323507101953175e+09}