{"average loss":6.735324831197431e-08,"_wandb":{"runtime":316},"average reward":-0.014999999664723873,"time":5.0747249007225035,"_timestamp":1.7325273717376301e+09,"_runtime":316.2585275,"_step":39}