{"_timestamp":1.732340197455669e+09,"_wandb":{"runtime":56},"_runtime":56.3847545,"_step":4,"loss":0.015990962657478125,"average reward":-16.375}