{"loss":-0.036184627886660437,"average reward":-18.125,"_timestamp":1.7323417816581705e+09,"_runtime":1561.6387573,"_wandb":{"runtime":1561},"_step":92}