{"average reward over time":-15.8125,"average probabilities":-0.6884765625,"_timestamp":1.7324033697871027e+09,"average logits":0.50244140625,"_step":141,"loss":7.265851404829465e-07,"_wandb":{"runtime":165},"average reward":-15.375,"average advantage":2.452953488962388e-16,"_runtime":165.5817945}