{"max prob":0.999945878982544,"_runtime":8520.3711398,"grad norm":9.972253792511765e-06,"_step":4996,"average advantage":1.996222636080347e-07,"average reward":-21,"max logprob":-5.4122483561513945e-05,"_wandb":{"runtime":8520},"_timestamp":1.732795754137994e+09,"loss":2.147015436548827e-07,"time":141.93655700683578}