{"_wandb":{"runtime":74},"loss":6.341696888295213,"_timestamp":1.7323326872715175e+09,"_runtime":62.4508933,"_step":7,"average reward":-16.5}