{"time":80.50073542197555,"_timestamp":1.73251976486752e+09,"_runtime":4837.2574163,"_step":920,"_wandb":{"runtime":4837},"average loss":-0.06695270538330078,"average reward":-21}