{"average logprob":-0.6933874487876892,"average advantage":-0.7484726905822754,"_timestamp":1.7326105285008698e+09,"average prob":0.499755859375,"_runtime":24.2650948,"_wandb":{"runtime":24},"average loss":-0.5189816355705261,"time":0.3285255432128906,"_step":1,"average reward":-20.34375}