{"_wandb":{"runtime":876},"average reward":-16.8125,"_step":544,"_runtime":876.5617431,"loss":-4.9279780812293735e-05,"_timestamp":1.7324144457089944e+09,"average advantage":1.9469673832974496e-16,"average probabilities":0.5,"time":14.463619327545164}