{"_runtime":485.5082291,"time":7.949509493509927,"grad norm":0.017470555379986763,"_wandb":{"runtime":485},"_timestamp":1.7328245894258518e+09,"average advantage":-5.054145731264725e-05,"_step":136,"average reward":-20.25,"max prob":0.582009494304657,"loss":-3.3741791582997394e-08,"max logprob":-0.5524764657020569}