{"max prob":0.9658203125,"_step":4,"loss":2.147015436548827e-07,"_wandb":{"runtime":25},"average reward":-21,"average advantage":0.008520794101059437,"_runtime":25.7225625,"time":0.3024710059165955,"grad norm":5572.70947265625,"_timestamp":1.7328265745997384e+09,"max logprob":-0.03477747365832329}