{"loss":-10.344679290984368,"_timestamp":1.7323327876354437e+09,"_runtime":78.1859548,"_step":11,"average reward":-15.875,"_wandb":{"runtime":83}}