{"average reward":-20.34375,"_wandb":{"runtime":28},"_timestamp":1.7326115736840353e+09,"_step":1,"average prob":0.50048828125,"average advantage":-0.7053238153457642,"average loss":-0.4888767600059509,"average logprob":-0.6931239366531372,"time":0.215691868464152,"_runtime":28.2703727}