{"_wandb":{"runtime":218},"_timestamp":1.732560922187826e+09,"_runtime":218.9611268,"average logprob":-0.6931471824645996,"_step":1,"average prob":0.5,"average reward":-0.0201416015625,"average loss":4.842877388000488e-08,"average advantage":-6.426125764846802e-08,"time":2.8982081174850465}