{"_timestamp":1.732675786224878e+09,"_wandb":{"runtime":2462},"average logprob":NaN,"average prob":NaN,"time":40.69582220315933,"_step":117,"_runtime":2462.5441602,"actual average reward":-1,"average loss":0,"average advantage":-0.8353761434555054,"grad norm":NaN,"average reward":-21}