{"_runtime":248.8771533,"loss":2.147015436548827e-07,"_wandb":{"runtime":248},"max logprob":NaN,"time":4.083791776498158,"max prob":0,"_timestamp":1.7328265441084936e+09,"_step":104,"average reward":-21,"grad norm":NaN,"average advantage":NaN}