{"_wandb":{"runtime":2172},"_step":1264,"average reward":-19,"_timestamp":1.7324123980196118e+09,"average probabilities":-0.001476287841796875,"time":35.94348395665486,"loss":-0.001071225235469373,"_runtime":2172.8078304,"average advantage":4.4060159825438153e-16}